/*
SQLyog Ultimate v11.24 (32 bit)
MySQL - 5.6.21-log : Database - distributor
*********************************************************************
*/

/*!40101 SET NAMES utf8 */;

/*!40101 SET SQL_MODE=''*/;

/*!40014 SET @OLD_UNIQUE_CHECKS=@@UNIQUE_CHECKS, UNIQUE_CHECKS=0 */;
/*!40014 SET @OLD_FOREIGN_KEY_CHECKS=@@FOREIGN_KEY_CHECKS, FOREIGN_KEY_CHECKS=0 */;
/*!40101 SET @OLD_SQL_MODE=@@SQL_MODE, SQL_MODE='NO_AUTO_VALUE_ON_ZERO' */;
/*!40111 SET @OLD_SQL_NOTES=@@SQL_NOTES, SQL_NOTES=0 */;
CREATE DATABASE /*!32312 IF NOT EXISTS*/`distributor` /*!40100 DEFAULT CHARACTER SET utf8 */;

USE `distributor`;

/*Table structure for table `category` */

DROP TABLE IF EXISTS `category`;

CREATE TABLE `category` (
  `id` bigint(20) NOT NULL,
  `name` varchar(30) NOT NULL,
  `parent_id` bigint(20) DEFAULT NULL COMMENT '父类目ID',
  PRIMARY KEY (`id`)
) ENGINE=InnoDB DEFAULT CHARSET=utf8;

/*Data for the table `category` */

insert  into `category`(`id`,`name`,`parent_id`) values (640898355645632,'生活用品',NULL),(640898445683904,'家用电器',NULL),(640997231653248,'数码产品',NULL),(640998847967616,'护肤品',NULL),(641005297742208,'书籍百科',NULL);

/*Table structure for table `commodity` */

DROP TABLE IF EXISTS `commodity`;

CREATE TABLE `commodity` (
  `id` bigint(20) NOT NULL,
  `name` varchar(20) NOT NULL,
  `brand` varchar(20) NOT NULL,
  `price` int(11) NOT NULL,
  `vip_vip` int(11) NOT NULL DEFAULT '0' COMMENT 'vip会员消费，vip会员自身的提成金额',
  `vip_gold` int(11) NOT NULL DEFAULT '0' COMMENT 'vip会员消费，金牌上级的提成金额',
  `vip_diamond` int(11) NOT NULL DEFAULT '0' COMMENT 'vip会员消费，钻石上级的提成金额',
  `gold_gold` int(11) NOT NULL DEFAULT '0' COMMENT '金牌会员消费，金牌会员自身的提成金额',
  `gold_diamond` int(11) NOT NULL DEFAULT '0' COMMENT '金牌会员消费，钻石上级的提成金额',
  `diamond_diamond` int(11) NOT NULL DEFAULT '0' COMMENT '钻石会员消费，钻石会员自身的提成金额',
  `description` varchar(50) DEFAULT NULL,
  `status` int(11) NOT NULL DEFAULT '1' COMMENT '状态：1、上线，2、下线',
  `category_id` bigint(20) DEFAULT NULL,
  PRIMARY KEY (`id`)
) ENGINE=InnoDB DEFAULT CHARSET=utf8;

/*Data for the table `commodity` */

insert  into `commodity`(`id`,`name`,`brand`,`price`,`vip_vip`,`vip_gold`,`vip_diamond`,`gold_gold`,`gold_diamond`,`diamond_diamond`,`description`,`status`,`category_id`) values (640955875069120,'纸巾','旁氏',2423,50,0,100,100,1200,1200,'11111',2,640898241883328),(640959367433408,'纸巾','清风',2423,5000,8000,120,190,1200,100,'纸巾商品',2,640898241883328),(640974622674112,'纸巾','清风',2423,150,180,120,190,280,300,'纸巾',2,640898392640704),(640999213764992,'上下五千年','上海出版社',12000,150,8000,120,190,1200,1200,'好书',2,640998920597888),(640999912108416,'明朝那些事','浦东出版社',1232,50,8000,120,190,1200,1200,'历史必备读本',2,640998920597888),(641005572477312,'明朝那些事','上海出版社',12000,1000,1200,1400,2000,2200,2300,'历史读物',1,641005297742208),(641586002758848,'追忆似水年华','浦东出版社',20000,1200,1300,1400,1500,1560,1700,'书籍百科',1,641005297742208),(641586264820928,'洗面奶','旁氏',23000,1200,1300,1400,1500,1600,1700,'护肤',1,640998847967616),(641649449692352,'水杯','旁氏',10000,1200,1200,1200,1300,1400,1500,'',1,640898355645632),(641649743490240,'电水壶','三洋',20000,1200,1300,1400,1500,1600,1700,'',1,640898445683904),(641650044308672,'面膜','清爽',12000,100,200,300,400,500,600,'',1,640998847967616),(641650335788224,'补水剂','旁氏',10000,1200,300,400,500,600,700,'',1,640998847967616),(641650670341312,'诛仙','上海出版社',10000,100,200,300,400,500,600,'',1,641005297742208),(641650893442240,'狼图腾','四川出版社',20000,100,200,300,400,500,600,'',1,641005297742208),(641651107105984,'大学物理','西南交通大学出版社',20000,200,300,400,500,600,700,'',1,641005297742208),(641651283758272,'飘','巴黎出版社',1000,100,100,100,200,200,300,'',1,641005297742208);

/*Table structure for table `distributor` */

DROP TABLE IF EXISTS `distributor`;

CREATE TABLE `distributor` (
  `id` bigint(20) NOT NULL,
  `name` varchar(15) NOT NULL,
  `level` int(11) NOT NULL COMMENT '等级：1、钻石会员，2、金牌会员，3、VIP会员',
  `balance` int(11) DEFAULT '0' COMMENT '账户余额',
  `mobile` varchar(11) DEFAULT NULL,
  `status` int(11) DEFAULT '1' COMMENT '状态：1、正常，2、删除',
  `description` varchar(30) DEFAULT NULL,
  PRIMARY KEY (`id`)
) ENGINE=InnoDB DEFAULT CHARSET=utf8;

/*Data for the table `distributor` */

insert  into `distributor`(`id`,`name`,`level`,`balance`,`mobile`,`status`,`description`) values (628245496934784,'余扬',3,723,'13518198865',1,NULL),(628250021368192,'刘奇葆',3,211,'18825231556',1,NULL),(628250401878400,'于世仁',3,23,'13324232132',1,NULL),(637750685544832,'李时珍',2,0,'13324232132',1,NULL),(637816164086144,'张四周',2,23,'13518198865',2,NULL),(637834343346560,'李仁巴',3,12,'13518198865',1,NULL),(637834825118080,'张生贵',3,22,'18825231556',1,NULL),(637854064300416,'王二小',3,22,'18825231556',2,NULL),(640258749115616,'张三丰',2,0,'13518198865',2,NULL),(640888310582464,'姜洁',3,100,'13518198865',1,NULL),(640888769645760,'卢俊',3,0,'13324232132',1,NULL),(640888872127680,'李明磊',3,0,'13518198078',1,NULL),(640888968572096,'刘俊',2,0,'13518198865',1,NULL),(640889043291328,'耿继伟',3,300,'13518198865',1,NULL),(640889135811776,'黄冬冬',3,200,'13518198865',1,NULL),(640889245347008,'范作伟',3,400,'13518198865',1,NULL),(640889347714240,'陈瑞钦',1,0,'13324232132',2,NULL);

/*Table structure for table `distributor_balance` */

DROP TABLE IF EXISTS `distributor_balance`;

CREATE TABLE `distributor_balance` (
  `id` bigint(20) NOT NULL,
  `distributor_id` bigint(20) NOT NULL,
  `balance_change` int(11) DEFAULT NULL COMMENT '变动金额：缴费就是正数，扣费是负数',
  `balance` int(11) DEFAULT NULL COMMENT '变动后的当前账户余额',
  `create_time` datetime DEFAULT NULL,
  PRIMARY KEY (`id`)
) ENGINE=InnoDB DEFAULT CHARSET=utf8;

/*Data for the table `distributor_balance` */

insert  into `distributor_balance`(`id`,`distributor_id`,`balance_change`,`balance`,`create_time`) values (641626989096128,628245496934784,111,111,'2015-08-20 21:29:10'),(641627194404032,628245496934784,89,200,'2015-08-20 21:29:33'),(641633089711296,628245496934784,100,300,'2015-08-20 21:41:33'),(641636875840704,628245496934784,90,390,'2015-08-20 21:49:15'),(641638868905152,628245496934784,90,480,'2015-08-20 21:53:19'),(641639187213504,628245496934784,20,500,'2015-08-20 21:53:57'),(641640046996672,628245496934784,100,600,'2015-08-20 21:55:42'),(641640055286976,628245496934784,100,700,'2015-08-20 21:55:43'),(641640060136640,628245496934784,100,800,'2015-08-20 21:55:44'),(641640062102720,628245496934784,100,900,'2015-08-20 21:55:44'),(641640072883392,628245496934784,100,1000,'2015-08-20 21:55:46'),(641640074366144,628245496934784,100,1100,'2015-08-20 21:55:46'),(641640111836352,628245496934784,100,1200,'2015-08-20 21:55:50'),(641640687660224,628245496934784,100,1300,'2015-08-20 21:57:01'),(641640716561600,628245496934784,100,1400,'2015-08-20 21:57:04'),(641640764157120,628250021368192,100,100,'2015-08-20 21:57:10'),(641641037106368,628245496934784,-100,1300,'2015-08-20 21:57:43'),(641642152398016,628245496934784,100,1400,'2015-08-20 21:59:59'),(641642349145280,628250021368192,111,211,'2015-08-20 22:00:23'),(641643970055360,640889043291328,100,100,'2015-08-20 22:03:41'),(641643970145472,640889043291328,100,200,'2015-08-20 22:03:41'),(641644029545664,640889245347008,100,100,'2015-08-20 22:03:49'),(641644029635776,640889245347008,100,200,'2015-08-20 22:03:49'),(641644093181120,640889135811776,100,100,'2015-08-20 22:03:56'),(641644093287616,640889135811776,100,200,'2015-08-20 22:03:56'),(641644138278080,640889245347008,100,300,'2015-08-20 22:04:02'),(641644138384576,640889245347008,100,400,'2015-08-20 22:04:02'),(641644352818368,640889043291328,100,300,'2015-08-20 22:04:28'),(641644393589952,640889245347008,-100,300,'2015-08-20 22:04:33'),(641644435303616,628245496934784,-1000,400,'2015-08-20 22:04:38'),(641644766776512,640888310582464,100,100,'2015-08-20 22:05:19'),(641646099852480,628245496934784,100,500,'2015-08-20 22:08:01'),(641646159310016,628245496934784,200,700,'2015-08-20 22:08:09'),(641647685160128,640889245347008,100,400,'2015-08-20 22:11:15'),(641648068046016,628245496934784,23,723,'2015-08-20 22:12:02');

/*Table structure for table `distributor_commission` */

DROP TABLE IF EXISTS `distributor_commission`;

CREATE TABLE `distributor_commission` (
  `id` bigint(20) NOT NULL,
  `distributor_id` bigint(20) NOT NULL,
  `order_id` bigint(20) NOT NULL,
  `commission` int(11) DEFAULT NULL COMMENT '本次获得的提成',
  `totalCommission` int(11) DEFAULT NULL COMMENT '提成总数',
  `create_time` datetime DEFAULT CURRENT_TIMESTAMP,
  `status` int(11) DEFAULT NULL,
  PRIMARY KEY (`id`)
) ENGINE=InnoDB DEFAULT CHARSET=utf8;

/*Data for the table `distributor_commission` */

insert  into `distributor_commission`(`id`,`distributor_id`,`order_id`,`commission`,`totalCommission`,`create_time`,`status`) values (638174677070208,628245496934784,638174635340160,264,0,'2015-08-12 00:17:11',NULL),(641006077866368,628245496934784,641006077759872,2000,2000,'2015-08-20 00:25:54',NULL),(641006077931904,640888968572096,641006077759872,2400,2400,'2015-08-20 00:25:54',NULL),(641006200729984,628245496934784,641006200664448,2000,4000,'2015-08-20 00:26:09',NULL),(641006200787328,640888968572096,641006200664448,2400,4800,'2015-08-20 00:26:09',NULL),(641006504415616,628245496934784,641006504292736,2000,6000,'2015-08-20 00:26:46',NULL),(641006504571264,640888968572096,641006504292736,2400,7200,'2015-08-20 00:26:46',NULL),(641586747698368,628245496934784,641586747485376,1000,7000,'2015-08-20 20:07:16',NULL),(641586747747520,640888968572096,641586747485376,1200,8400,'2015-08-20 20:07:16',NULL),(641586747821248,628245496934784,641586747485376,1200,8200,'2015-08-20 20:07:16',NULL),(641586747870400,640888968572096,641586747485376,1300,9700,'2015-08-20 20:07:16',NULL),(641586747952320,628245496934784,641586747485376,1200,8200,'2015-08-20 20:07:16',NULL),(641586748001472,640888968572096,641586747485376,1300,11000,'2015-08-20 20:07:16',NULL),(641588839066816,628245496934784,641588839017664,1000,8000,'2015-08-20 20:11:31',NULL),(641588839124160,640888968572096,641588839017664,1200,12200,'2015-08-20 20:11:31',NULL),(641588839206080,628245496934784,641588839017664,1200,9200,'2015-08-20 20:11:31',NULL),(641588839255232,640888968572096,641588839017664,1300,13500,'2015-08-20 20:11:31',NULL),(641588839353536,628245496934784,641588839017664,1200,10400,'2015-08-20 20:11:31',NULL),(641588839402688,640888968572096,641588839017664,1300,13500,'2015-08-20 20:11:31',NULL);

/*Table structure for table `distributor_include` */

DROP TABLE IF EXISTS `distributor_include`;

CREATE TABLE `distributor_include` (
  `id` bigint(20) NOT NULL,
  `parent_id` bigint(20) DEFAULT NULL,
  `child_id` bigint(20) DEFAULT NULL,
  PRIMARY KEY (`id`)
) ENGINE=InnoDB DEFAULT CHARSET=utf8;

/*Data for the table `distributor_include` */

insert  into `distributor_include`(`id`,`parent_id`,`child_id`) values (640888555703488,637750685544832,637834825118080),(641005795045760,640888968572096,628245496934784);

/*Table structure for table `order_commodity_include` */

DROP TABLE IF EXISTS `order_commodity_include`;

CREATE TABLE `order_commodity_include` (
  `id` bigint(20) NOT NULL,
  `order_id` bigint(20) DEFAULT NULL COMMENT '订单编号',
  `commodity_id` bigint(20) NOT NULL COMMENT '订单包含商品',
  `commodity_count` int(11) NOT NULL COMMENT '订单包含商品数量',
  `status` int(11) NOT NULL COMMENT '状态：1、最新，2、历史，3、删除',
  PRIMARY KEY (`id`)
) ENGINE=InnoDB DEFAULT CHARSET=utf8;

/*Data for the table `order_commodity_include` */

insert  into `order_commodity_include`(`id`,`order_id`,`commodity_id`,`commodity_count`,`status`) values (635268733686144,NULL,11111,12,3),(635273561944448,NULL,11111,12,3),(635273618289024,638782727360896,631056900116864,1,2),(635273694794112,638782727360896,631713438519680,1,2),(635274645303680,NULL,11111,12,3),(635274708971904,638782727360896,631056900116864,1,2),(635274750882176,638782727360896,631713438519680,1,2),(635276090380672,635339487900032,11111,12,3),(635276139860352,638782727360896,631056900116864,1,2),(635276194304384,638782727360896,631713438519680,1,2),(635276239344000,NULL,631713641304448,1,3),(635276735107456,638782727360896,631056900116864,1,2),(635276783833472,NULL,631713641304448,1,3),(635287452610944,635339487900032,11111,12,3),(635287549784448,638782727360896,631713751839104,1,2),(635291336143232,635339487900032,11111,12,3),(635293951324544,635339487900032,11111,12,3),(635294042730880,638782727360896,631056900116864,1,2),(635294963380608,635339487900032,11111,12,3),(635295069491584,638782727360896,631056900116864,1,2),(635295148454272,NULL,631713522045312,1,3),(635295325639040,638782727360896,631721876173184,1,2),(635296209539456,638782727360896,631766036353408,1,2),(635312365121920,638782727360896,631056900116864,1,2),(635312415314304,638782727360896,631713522045312,1,2),(635313797280128,638782727360896,631713438519680,1,2),(635313849250176,638782727360896,631721876173184,1,2),(635317208674688,638782727360896,631056900116864,1,2),(635317346283904,638782727360896,631056900116864,1,2),(635318762492288,638782727360896,631056900116864,1,2),(635320287531392,638782727360896,631056900116864,1,2),(635330810352000,638782727360896,631713438519680,1,2),(635339409396096,638782727360896,631713438519680,1,2),(637968555127168,NULL,11111,12,3),(638129401876864,NULL,11111,12,3),(638129887293824,638782727360896,631713438519680,1,2),(638129951199616,638782727360896,631713522045312,1,2),(638130003194240,638782727360896,631713584533888,1,2),(638130056065408,638782727360896,631713641304448,1,2),(638130131554688,638782727360896,631713703694720,1,2),(638130217922944,638782727360896,631713751839104,1,2),(638130304061824,638782727360896,631713815056768,1,2),(638130369319296,NULL,631713872826752,1,3),(638131740578176,NULL,11111,12,3),(638134636507520,638174635340160,11111,12,3),(638138310136192,638174635340160,11111,12,3),(638170225078656,638174635340160,11111,12,3),(638172832346496,NULL,11111,12,3),(638665731928448,NULL,11111,12,3),(638741521183104,NULL,11111,12,3),(638764474896768,NULL,11111,12,3),(638771967103360,NULL,11111,12,3),(638772366045568,NULL,11111,12,3),(638772472975744,NULL,11111,12,3),(638772967592320,NULL,11111,12,3),(638773107503488,NULL,11111,12,3),(638774285963648,NULL,11111,12,3),(638781664686464,NULL,11111,12,3),(638785214214528,NULL,11111,12,3),(638789336224128,NULL,11111,12,3),(638789459489152,NULL,11111,12,3),(638830882296192,NULL,631056900116864,1,2),(638831366910336,NULL,11111,12,3),(638831424811392,NULL,11111,12,3),(638831490290048,NULL,631056900116864,1,2),(638831795114368,NULL,11111,12,3),(638831836516736,NULL,631056900116864,1,2),(638832590270848,NULL,11111,12,2),(638832886059392,NULL,11111,12,2),(638833405071744,NULL,11111,12,2),(638833808421248,NULL,11111,12,2),(638834366353792,NULL,11111,12,2),(638834738532736,NULL,11111,12,2),(638836263604608,NULL,11111,12,2),(638836642599296,NULL,11111,12,2),(638836887835008,NULL,11111,12,2),(638837114204544,NULL,11111,12,2),(638837187555712,NULL,11111,12,2),(638837287399808,NULL,11111,12,2),(638837323248000,NULL,631056900116864,1,2),(638837455221120,NULL,11111,12,2),(638837485236608,NULL,631056900116864,1,2),(638837758431616,NULL,11111,12,2),(638838000030080,NULL,11111,12,2),(638838112383360,NULL,11111,12,2),(638838198219136,NULL,11111,12,2),(638838308704640,NULL,11111,12,2),(638838447509888,NULL,11111,12,2),(638838548353408,NULL,11111,12,2),(638838683668864,NULL,11111,12,2),(638838908580224,NULL,11111,12,2),(638839085502848,NULL,11111,12,2),(638839353020800,NULL,11111,12,2),(638839951987072,NULL,11111,12,2),(638840069296512,NULL,11111,12,2),(638840395837824,NULL,11111,12,2),(638840727622016,NULL,11111,12,2),(638856112615808,NULL,11111,12,2),(638869293969792,NULL,11111,12,2),(638869332136320,NULL,631056900116864,1,2),(638869464822144,NULL,631713522045312,1,2),(638872065315200,NULL,11111,12,2),(640172914453728,NULL,11111,12,2),(640173176868064,NULL,11111,5,2),(640253494594784,NULL,11111,5,2),(640254057925856,NULL,631713438519680,1,2),(641005999116672,NULL,641005572477312,2,3),(641584017681600,NULL,641005572477312,1,3),(641584198380736,NULL,641005572477312,1,3),(641584779881664,NULL,641005572477312,1,3),(641585388833984,NULL,641005572477312,1,3),(641585618947264,NULL,641005572477312,1,3),(641586481736896,NULL,641586264820928,1,3),(641586578402496,NULL,641586002758848,1,3),(641651491097792,NULL,641649449692352,1,3),(641652256181440,NULL,641651283758272,1,3),(641652300737728,NULL,641649743490240,1,3);

/*Table structure for table `order_record` */

DROP TABLE IF EXISTS `order_record`;

CREATE TABLE `order_record` (
  `id` bigint(20) NOT NULL,
  `distributor_id` bigint(20) NOT NULL COMMENT '所属经销商',
  `money` int(11) NOT NULL COMMENT '订单金额',
  `create_time` datetime DEFAULT CURRENT_TIMESTAMP,
  `status` int(11) NOT NULL DEFAULT '1' COMMENT '状态：1、有效，2、失效',
  PRIMARY KEY (`id`)
) ENGINE=InnoDB DEFAULT CHARSET=utf8;

/*Data for the table `order_record` */

insert  into `order_record`(`id`,`distributor_id`,`money`,`create_time`,`status`) values (635339487900032,628245496934784,123100,'2015-08-12 00:17:11',1),(638134920843648,628245496934784,2400,'2015-08-15 23:04:31',1),(638138398241152,628245496934784,2400,'2015-08-15 23:11:35',1),(638174635340160,628250401878400,2400,'2015-08-16 00:25:21',1),(641006077759872,628245496934784,0,'2015-08-20 00:25:54',1),(641006200664448,628245496934784,0,'2015-08-20 00:26:09',1),(641006504292736,628245496934784,0,'2015-08-20 00:26:46',1),(641586747485376,628245496934784,55000,'2015-08-20 20:07:16',1),(641588839017664,628245496934784,55000,'2015-08-20 20:11:31',1);

/*Table structure for table `system_log` */

DROP TABLE IF EXISTS `system_log`;

CREATE TABLE `system_log` (
  `id` bigint(20) NOT NULL,
  `content` varchar(256) NOT NULL,
  `use_id` bigint(20) NOT NULL,
  `create_time` datetime DEFAULT CURRENT_TIMESTAMP,
  PRIMARY KEY (`id`)
) ENGINE=InnoDB DEFAULT CHARSET=utf8;

/*Data for the table `system_log` */

insert  into `system_log`(`id`,`content`,`use_id`,`create_time`) values (1111111,'为\"余扬\"执行一次\"订单操作\",\"订单号\"为\"2312321\"',2323,'2015-08-16 11:11:18'),(3121312,'为\"余扬\"执行一次\"订单操作\",\"订单号\"为\"2312321\"',13121,'2015-08-16 11:12:10');

/*Table structure for table `user` */

DROP TABLE IF EXISTS `user`;

CREATE TABLE `user` (
  `id` bigint(20) NOT NULL,
  `name` varchar(20) NOT NULL,
  `role` int(11) NOT NULL COMMENT '角色：1、超级管理员，2、普通操作员',
  `password` varchar(50) NOT NULL,
  `mobile` varchar(11) NOT NULL,
  `status` int(11) NOT NULL COMMENT '状态：1、新建，2、审核通过，3、审核拒绝',
  `details` varchar(50) DEFAULT NULL COMMENT '备注',
  `create_time` datetime DEFAULT CURRENT_TIMESTAMP,
  PRIMARY KEY (`id`)
) ENGINE=InnoDB DEFAULT CHARSET=utf8;

/*Data for the table `user` */

insert  into `user`(`id`,`name`,`role`,`password`,`mobile`,`status`,`details`,`create_time`) values (638077936488830,'admin',1,'admin','13518198078',2,NULL,'2015-08-15 21:10:21'),(638077936488832,'店小二',2,'123','13518198078',1,NULL,'2015-08-15 21:10:21');

/*!40101 SET SQL_MODE=@OLD_SQL_MODE */;
/*!40014 SET FOREIGN_KEY_CHECKS=@OLD_FOREIGN_KEY_CHECKS */;
/*!40014 SET UNIQUE_CHECKS=@OLD_UNIQUE_CHECKS */;
/*!40111 SET SQL_NOTES=@OLD_SQL_NOTES */;
